No,Title,Link,Time,Content,Scraped_Date
1,"Harga Emas Antam Logam Mulia Ambruk, Kembali ke Rp1,9 Juta",https://www.cnbcindonesia.com/research/20250424074518-128-628285/harga-emas-antam-logam-mulia-ambruk-kembali-ke-rp19-juta,2025-09-26,"Jakarta, CNBC Indonesia- Harga emas Logam Mulia produksi PT Aneka Tambang Tbk merosot pada hari ini, Kamis (24/4/2025) bersamaan dengan emas global yang ambruk. Di butik emas LM Graha Dipta Pulo Gadung, harga emas Antam hari ini tercatat sebesar Rp1.969.000 atau turun Rp22.000 dibandingkan perdagangan kemarin (23/4/2025). Pelemahan hari ini memangkas kinerja luar biasa emas Antam yang sempat mencetak rekor demi rekor. Sementara itu, hargabuyback(harga yang digunakan ketika menjual emas kembali) ",2025-09-26 06:50:57
2,"Harga Emas Rekor Terus, ANTM - UNTR Bakal Jor-joran Bagi Dividen?",https://www.cnbcindonesia.com/research/20250423145934-128-628154/harga-emas-rekor-terus-antm--untr-bakal-jor-joran-bagi-dividen,2025-09-26,"Jakarta, CNBC Indonesia -Dua tahun terakhir ini harga komoditas emas mengalami kenaikan cukup signifikan dan terus menembus rekor. Berkat itu, saham related logam mulia cukup diuntungkan dan harapannya bisa membagikan dividen yield menarik. Merujuk data Refinitiv, pada perdagangan Selasa kemarin (22/4/2025) secara intraday harga emas dunia (XAU) sempat menyentuh level tertinggi di US$ 3.500 per troy ons. Posisi ini menjadi level tertinggi emas sepanjang masa. Setelah menyentuh harga itu, emas pu",2025-09-26 06:50:57
3,"Fenomena: Warga RI Ogah Nabung, Pilih Borong Emas",https://www.cnbcindonesia.com/research/20250423132845-128-628107/fenomena-warga-ri-ogah-nabung-pilih-borong-emas,2025-09-26,"Jakarta, CNBC Indonesia -Instrumen investasi pilihan masyarakat Indonesia kini bergeser. Menyimpan uang di bank kini bukan lagi menjadi perilaku masyarakat Indonesia dalam memupuk kekayaan. Masyarakat Indonesia kini lebih suka menyimpan uang dalam bentuk emas dan menjadikannya sebagai instrumen investasi yang jauh lebih menguntungkan dibandingkan hanya menyimpan uang di bank. Hal ini terbukti dari merosotnya Dana Pihak Ketiga (DPK) perorangan yang menggambarkan dana yang disimpan oleh individu a",2025-09-26 06:50:58
4,"Emas Dunia Tumbang, Harga Emas Antam Logam Mulia Malah Rekor Lagi",https://www.cnbcindonesia.com/research/20250423085449-128-627989/emas-dunia-tumbang-harga-emas-antam-logam-mulia-malah-rekor-lagi,2025-09-26,"Jakarta, CNBC Indonesia- Harga emas Logam Mulia produksi PT Aneka Tambang Tbk tetap menembus rekor baru pada hari ini, Rabu (23/4/2025).meskipun emas global ambruk. Di butik emas LM Graha Dipta Pulo Gadung, harga emas Antam hari ini tercatat sebesar Rp2.039. 000 atau melesat Rp 23.000 dibandingkan perdagangan kemarin. Harga emas Antam hari ini adalah yang tertinggi sepanjang masa dan mengungguli rekor sebelumnya di Rp 2.016.000 per gram yang tercatat pada Selasa kemarin. Harga emas hari ini juga",2025-09-26 06:50:58
5,"Perbedaan Beli Emas Digital & Emas Fisik, Untung Mana?",https://www.cnbcindonesia.com/market/20250422175726-17-627878/perbedaan-beli-emas-digital-emas-fisik-untung-mana,2025-09-26,"Jakarta, CNBC Indonesia— Masyarakat Indonesia tengah dilanda fenomena demam emas. Hal ini pun telah mengerek harga emas ke rekor tertinggi. Harga emas Logam Mulia produksi PT Aneka Tambang Tbk menembus level baru pada hari ini, Selasa (22/4/2025). Di butik emas LM Graha Dipta Pulo Gadung, harga emas Antam hari ini tercatat sebesar Rp2.016. 000 atau melesat Rp 36.000 dibandingkan perdagangan kemarin. Harga emas Antam hari ini adalah yang tertinggi sepanjang masa dan mengungguli rekor sebelumnya d",2025-09-26 06:50:59
6,"Video: Fenomena Demam Emas, Antam Bakal Tingkatkan Produksi",https://www.cnbcindonesia.com/market/20250422170739-19-627871/video-fenomena-demam-emas-antam-bakal-tingkatkan-produksi,2025-09-26,"Jakarta, CNBC Indonesia- Fenomena ""Demam Emas"" terus menyedot perhatian. Masyarakat ramai dating ke butik emas, bahkan hingga rela antre. Seperti diketahui, Harga emas logam mulia produksi PT Aneka Tambang Tbk mencetak rekor baru. Hari ini, emas Antam tercatat sebesar Rp 2.016.000 atau melesat Rp 36.000. Direktur Keuangan dan manajemen Risiko PT Aneka Tambang Tbk Arianto Sabtonugroho Rudjito mengatakan bahwa seiring meningkatnya permintaan emas, Antam akan meningkatkan produksi. Secara jangka Pa",2025-09-26 06:50:59
7,"Video: Direktur Antam Buka Alasan Harga Emas Terus Naik, Bisa Lanjut?",https://www.cnbcindonesia.com/market/20250422154938-19-627830/video-direktur-antam-buka-alasan-harga-emas-terus-naik-bisa-lanjut,2025-09-26,"Jakarta, CNBC Indonesia- Harga emas logam mulia produksi PT Aneka Tambang Tbk mencetak rekor baru. Hari ini, emas Antam tercatat sebesar Rp 2.016.000 atau melesat Rp 36.000. Direktur Keuangan dan manajemen Risiko PT Aneka Tambang Tbk Arianto Sabtonugroho Rudjito menuturkan dengan ketidakstabilan geopolitik seperti saat ini, maka akan terus mendorong kenaikan harga emas. Menurut Arianto, ada pandangan dari investor dalam mengalihkan portofolionya ke instrumen yang lebih aman, salah satunya emas. ",2025-09-26 06:51:00
8,Alasan Dolar AS Memiliki Hubungan Terbalik dengan Harga Emas,https://www.cnbcindonesia.com/market/20250422154512-17-627829/alasan-dolar-as-memiliki-hubungan-terbalik-dengan-harga-emas,2025-09-26,"Jakarta, CNBC Indonesia- Investasi logam mulia emas saat ini menjadi primadona karena harganya yang terus mengalami kenaikan. Emas memiliki hubungan terbalik dengan harga Dolar Amerika Serikat (AS). Ketika dolar AS turun, maka harga emas biasanya akan naik. Hal ini karena emas dihargai dalam dolar Amerika Serikat, dan ketika dolar menjadi lebih kuat, harga emas menjadi lebih mahal bagi pemegang mata uang lain.   Emas akan terus merangkak naik saat terjadi konflik, termasuk perang. Apalagi, saat ",2025-09-26 06:51:01
9,"Hari Ini Tembus US$3.500, Harga Emas Bisa Terbang Sampai Berapa?",https://www.cnbcindonesia.com/research/20250422111823-128-627731/hari-ini-tembus-us-3500-harga-emas-bisa-terbang-sampai-berapa,2025-09-26,"Jakarta, CNBC Indonesia -Investor emas dibuat mabuk kepayang, lantaran harga emas dunia terus mencetak rekor-rekor baru. Perang dagang dan perseturuan antara Presiden Amerika Serikat (AS) Donald Trump dengan The Federal Reserve (The Fed) yang makin memanas mendorong kenaikan harga emas dunia. Pada perdagangan hari ini Selasa (22/4/2025) emas sempat menyentuh US$ 3.500,5 atau level tertinggi untuk intraday sepanjang masa. Pada Selasa pukul 16.05 WIB, harga emas ada di US$ 3.451,84 atau menguat 0,",2025-09-26 06:51:04
10,Rekor! Harga Emas Antam Logam Mulia Akhirnya Tembus Rp 2 Juta,https://www.cnbcindonesia.com/research/20250422085816-128-627675/rekor-harga-emas-antam-logam-mulia-akhirnya-tembus-rp-2-juta,2025-09-26,"Jakarta, CNBC Indonesia- Harga emas Logam Mulia produksi PT Aneka Tambang Tbk menembus level baru pada hari ini, Selasa (22/4/2025). Di butik emas LM Graha Dipta Pulo Gadung, harga emas Antam hari ini tercatat sebesar Rp2.016. 000 atau melesat Rp 36.000 dibandingkan perdagangan kemarin. Harga emas Antam hari ini adalah yang tertinggi sepanjang masa dan mengungguli rekor sebelumnya di Rp 1.980.000 per gram yang tercatat pada Senin kemarin. Harga emas hari ini juga menjadi sejarah karena memasuki ",2025-09-26 06:51:07
11,"Rekor Lagi, Rekor Lagi! Harga Emas Resmi Masuk Level Baru US$ 3.400",https://www.cnbcindonesia.com/research/20250422055954-128-627640/rekor-lagi-rekor-lagi-harga-emas-resmi-masuk-level-baru-us--3400,2025-09-26,"Jakarta, CNBC Indonesia -Harga emas kembali cetak rekor tertinggi sepanjang masa. Level psikologis baru pun kini tercapai di US$3.400 per troy ons usai Presiden Amerika Serikat (AS) Donald Trump mengancam independensi The Federal Reserve (The Fed). Pada perdagangan kemarin, Senin (21/4/2025), harga emas dunia di pasar spot melesat 2,91% di level US$3.424,30 per troy ons. Penutupan tersebut menjadikan harga emas dengan rekor tertinggi baru sepanjang masa. Harga kemarin juga menjadi pencapaian bar",2025-09-26 06:51:07
12,"Gak Selalu Berkilau, 4 Fakta Emas Ini Bikin Anda Ilfeel",https://www.cnbcindonesia.com/research/20250417104347-128-626703/gak-selalu-berkilau-4-fakta-emas-ini-bikin-anda-ilfeel,2025-09-26,"Jakarta, CNBC Indonesia-Emas kembali unjuk gigi.Kilau logam mulia ini semakin menyilaukan setelah menembus rekor harga tertinggi sepanjang masa di pasar global. Harga emas dunia kini bertengger di levelUS$3.300 per troy ons, bahkan sempat menyentuhUS$3.344,22 per troy ons pada Rabu pekan lalu (16/4/2025), mempertegas posisi emas sebagaisafe havenutama di tengah perang tarif dan ketidakpastian kebijakan suku bunga. Lonjakan emas global berdampak besar terhadap emas Antam.Harga emas Logam Mulia pr",2025-09-26 06:51:08
13,Perbedaan Emas Putih dan Kuning,https://www.cnbcindonesia.com/research/20250421130429-128-627448/perbedaan-emas-putih-dan-kuning,2025-09-26,"Jakarta, CNBC Indonesia -Dalam dunia perhiasan, pilihan antara emas kuning dan emas putih sering kali menjadi pertimbangan penting bagi siapa pun yang ingin membeli perhiasan untuk momen istimewa. Keduanya memiliki keindahan yang khas, namun juga membawa karakteristik berbeda yang memengaruhi kenyamanan, gaya, dan daya tahan. Untuk membantu memahami lebih dalam, berikut adalah perbandingan singkat antara emas kuning dan emas putih dari berbagai aspek penting.     Dalam dunia perhiasan, pilihan a",2025-09-26 06:51:09
14,"Gak Bisa Meleng Dikit! Harga Emas Tiba-tiba Pecah Rekor, Melonjak 1,6%",https://www.cnbcindonesia.com/research/20250421130121-128-627451/gak-bisa-meleng-dikit-harga-emas-tiba-tiba-pecah-rekor-melonjak-16,2025-09-26,"Jakarta, CNBC Indonesia- Harga emas kembali mencetak rekor pada hari ini, Senin (21/4/2025). MerujukRefinitiv,harga emas pada Senin pukul 12.55 WIB ada di posisi US$ 3.381,69 per troy ons atau melonjak 1,62%. Emas bahkan sempat menyentuh US$ 3.385,56 per troy ons pada perdagangan intraday hari ini. Harga intraday tersebut adalah yang tertinggi sejak Kamis pekan lalu di US$ 3.357,4 per troy ons. Namun, harga emas melemah pada perdagangan Kamis dan ditutup di US$ 3.327,54 per troy ons. Harga emas ",2025-09-26 06:51:09
15,"Harga Emas Antam Logam Mulia Rekor Lagi, Dekati Rp2 Juta",https://www.cnbcindonesia.com/research/20250421085723-128-627355/harga-emas-antam-logam-mulia-rekor-lagi-dekati-rp2-juta,2025-09-26,"Jakarta, CNBC Indonesia- Harga emas Logam Mulia produksi PT Aneka Tambang Tbk meledak pada hari ini, Senin (21/4/2025). Di butik emas LM Graha Dipta Pulo Gadung, harga emas Antam hari ini tercatat sebesar Rp1.980. 000 atau melesat Rp 15.000 dibandingkan perdagangan Sabtu. Harga emas Antam hari ini adalah yang tertinggi sepanjang masa dan mengungguli rekor sebelumnya di Rp 1.975.000 per gram yang tercatat pada Kamis pekan lalu. Sementara itu,harga buyback(harga yang digunakan ketika menjual emas ",2025-09-26 06:51:10
16,"Investasi Emas vs Perak, Pilih yang Mana?",https://www.cnbcindonesia.com/market/20250421081907-17-627332/investasi-emas-vs-perak-pilih-yang-mana,2025-09-26,"Jakarta, CNBC Indonesia- Investasi pada instrumen logam mulia sangat menguntungkan, seperti emas maupun perak. Namun, keduanya memiliki perbedaan khas dan keuntungan. Beberapa tahun terakhir bisa dibilang menjadi tahun yang gemilang bagi investor emas. Harga-nya beberapa kali menembus rekor sepanjang masa dan sedikit lagi menembus Rp2 juta per gram. Bahkan, pada perdagangan Rabu (16/4/2025), harga emas dunia di pasar spot terbang 3,58% ke USS$3.343,22 per troy ons. Penutupan perdagangan tersebut",2025-09-26 06:51:10
17,Para Pemilik Jangan Panik! Begini Ramalan Harga Emas di 2025,https://www.cnbcindonesia.com/news/20250420144000-4-627256/para-pemilik-jangan-panik-begini-ramalan-harga-emas-di-2025,2025-09-26,"Jakarta, CNBC Indonesia- Masyarakat Indonesia tengah berbondong-bondong untuk memborong emas di berbagai gerai serta pembelian digital. Padahal, harga emas lagi tinggi-tingginya. Harga emas pada Minggu ini kembali mencetak rekor terbarunya atau all-time-high (ATH) dengan semakin mendekati level US$3.300/troy ons.Merujuk data Refinitiv, pada Kamis lalu (17/4/2025), harga emas sedikit melandai 0,47% ditutup ke posisi US$ 3.327,54 per troy ons. Setelah sehari sebelumnya, harga acuan logam mulia dun",2025-09-26 06:51:11
18,"Harga Emas Sudah Mahal, Investasi Ini Murah Juga Cuan dan Safe Haven",https://www.cnbcindonesia.com/market/20250420133533-17-627243/harga-emas-sudah-mahal-investasi-ini-murah-juga-cuan-dan-safe-haven,2025-09-26,"Jakarta, CNBC Indonesia- Emas meski tengah berada di harga tertingginya masih diincar oleh banyak orang. Pasalnya, ketika gejolak pasar meningkat, investor cenderung mencari aset yang dianggap lebih aman. Emas menjadi pilihan paling populer sebagai lindung nilai terhadap tarif tinggi Presiden Donald Trump dan diborong berbagai pihak, termasuk bank sentral dan dana investasi. Namun, Goldman Sachs justru memilih yen Jepang sebagai lindung nilai utama dan memperkirakan mata uang itu akan menguat ke",2025-09-26 06:51:11
19,"Apa Bedanya Emas Antam, Pegadaian, UBS dan Galeri24? Ini Jawabannya",https://www.cnbcindonesia.com/market/20250419153427-17-627137/apa-bedanya-emas-antam-pegadaian-ubs-dan-galeri24-ini-jawabannya,2025-09-26,"Jakarta, CNBC Indonesia-Di tengah ketidakpastian global, emas menjadi salah satu instrumen investasi yang digandrungi oleh masyarakat. Logam mulia emas menjadi instrumen investasi yang paling aman di tengah gejolak perekonomian karena memiliki risiko rendah. Investasi emas menjadi primadona karena harganya cenderung naik. Bagi masyarakat yang ingin menempatkan dananya pada instrumen logam mulia kuning tersebut, sebaiknya mempertimbangkan asal produk emas yang akan dibeli. Misalnya saja pembelian",2025-09-26 06:51:12
20,"Tak Banyak yang Tahu, Ternyata RI Raksasa Dunia Penghasil Perak!",https://www.cnbcindonesia.com/research/20250419075003-128-627079/tak-banyak-yang-tahu-ternyata-ri-raksasa-dunia-penghasil-perak,2025-09-26,"Jakarta, CNBC Indonesia -Seiring lonjakan harga emas yang signifikan, alternatif logam lainnya seperti perak juga menyimpan peluang keuntungan yang menarik. Sampai perdagangan Kamis lalu (17/4/2025) harga perak berada di posisi US$ 32,51 per ons. Dalam sepekan terakhir, logam ini sudah melonjak 4,24%, semakin mengakumulasi penguatan dalam setahun sampai 15,12%. Sebagai informasi, perak selain untuk perhiasan, saat ini sangat penting untuk industri elektronik. Hal ini akan menjadi daya dorong pen",2025-09-26 06:51:15
21,"Harga Emas Antam Hari Ini Stagnan, Masih di Rp1.965.000",https://www.cnbcindonesia.com/research/20250419084621-128-627088/harga-emas-antam-hari-ini-stagnan-masih-di-rp1965000,2025-09-26,"Jakarta, CNBC Indonesia -Harga emas Logam Mulia produksi PT Aneka Tambang Tbk pada Sabtu (19/4/2025) di butik emas LM Graha Dipta Pulo Gadung tak berubah dari perdagangan sehari lalu. Harga emas Antam hari ini tercatat sebesar Rp1.965.000. Sementara harga buyback (harga yang digunakan ketika menjual emas kembali) juga tak berubah, berada di posisi Rp1.814.000 per gram.  Analis riset senior di FXTM, Lukman Otunuga, mencatat bahwa reli emas dunia di atas US$3.350/troy ons telah mendorong harga nai",2025-09-26 06:51:16
22,Jatuh Bangun Harga Emas Pekan Ini: Rekor Kemudian Ambruk,https://www.cnbcindonesia.com/research/20250419064234-128-627076/jatuh-bangun-harga-emas-pekan-ini-rekor-kemudian-ambruk,2025-09-26,"Jakarta, CNBC Indonesia -Harga emas pada sepanjang pekan ini berhasil menembus level US$ 3.300 per troy ons dan menandai posisi tertinggi sepanjang masa yang baru. Adapun pada pekan ini perdagangan terjadi selama empat hari, mengingat pada Jumat ada libur memperingati Good Friday. Merujuk data Refinitiv, pada Kamis lalu (17/4/2025), harga emas sedikit melandai 0,47% ditutup ke posisi US$ 3.327,54 per troy ons. Setelah sehari sebelumnya, harga acuan logam mulia dunia ini terbang 3,58% ke rekor te",2025-09-26 06:51:16
23,"Bukan FOMO, Warga RI Rela Antri Beli Emas Sejak Subuh Gara-Gara ini",https://www.cnbcindonesia.com/research/20250411160146-128-625287/bukan-fomo-warga-ri-rela-antri-beli-emas-sejak-subuh-gara-gara-ini,2025-09-26,"Jakarta, CNBC Indonesia -Kini emas bagaikan barang langka yang sedang diburu oleh masyarakat. Bahkan mereka rela datang sejak subuh dan antre panjang untuk membeli emas di gerai maupun toko penjual emas. Kenaikan harga emas yang signifikan di sepanjang tahun ini mendorong kesadaran sebagian masyarakat untuk memborong emas sebelum naik lebih tinggi. Hingga perdagangan Jumat (17/4/2025), harga emas dunia telah melesat 27% di sepanjang 2025, dan kini berada di level US$3.327,54 per troy ons.  Kenai",2025-09-26 06:51:18
24,"Harga Emas Antam 18 April 2025! Lebih Murah, Turun Rp 10.000",https://www.cnbcindonesia.com/research/20250418092206-128-626964/harga-emas-antam-18-april-2025-lebih-murah-turun-rp-10000,2025-09-26,"Jakarta, CNBC Indonesia -Harga emas Logam Mulia produksi PT Aneka Tambang Tbk pada Jumat (18/4/2025) di butik emas LM Graha Dipta Pulo Gadung turun. Bahkan sebesar Rp10.000.Harga emas Antam hari ini tercatat sebesar Rp1.965.000.Sementara harga buyback (harga yang digunakan ketika menjual emas kembali) berada di posisi Rp1.814.000 per gram atau turun Rp10.000.   Analis riset senior di FXTM, Lukman Otunuga, mencatat bahwa reli emas dunia di atas US$3.350/troy ons telah mendorong harga naik 28% sep",2025-09-26 06:51:18
25,"Update Emas Dunia Jumat 18 April, Harganya Segini",https://www.cnbcindonesia.com/research/20250418062350-128-626939/update-emas-dunia-jumat-18-april-harganya-segini,2025-09-26,"Jakarta, CNBC Indonesia- Harga emas akhirnya istirahat sejenak usai mencetak rekorall time highsebelumnya.Dilansir dariRefinitiv, harga emas dunia mengalami penurunan pada penutupan perdagangan kemarin, 0,47% di angka US$3.327,54 /troy ons. Sementara pada Jumat ini (18/4/2025), pasar ditutup karena libur panjang Paskah sehingga investor mengambil sebagian keuntungan dan membuat harga emas mengalami depresiasi. Hal ini juga mematahkan tren penguatan harga emas yang telah terjadi selama dua hari b",2025-09-26 06:51:19
26,12 Kode Perhiasan Emas yang Perlu Kamu Ketahui,https://www.cnbcindonesia.com/research/20250417125627-128-626762/12-kode-perhiasan-emas-yang-perlu-kamu-ketahui,2025-09-26,"Jakarta, CNBC Indonesia -Masyarakat Indonesia tengah ramai memburu emas logam mulia batangan dan perhiasan. Antrian pembelian emas bahkan sudah berlangsung sejak subuh. Bagi anda yang memiliki emas perhiasan, pasti penasaran dengan kode huruf dan kadar kemurnian dalam satuan karat yang melekat di emas perhiasan. Emas, sebagai salah satu logam mulia, menjadi pilihan utama dalam dunia perhiasan seperti kalung, cincin, gelang, dan anting. Namun, ketika diolah menjadi perhiasan, emas sering dicampur",2025-09-26 06:51:19
27,"Bisnis Bullion Makin Moncer, Bank Emas Bakal Bisa Spin Off?",https://www.cnbcindonesia.com/market/20250417115657-17-626756/bisnis-bullion-makin-moncer-bank-emas-bakal-bisa-spin-off,2025-09-26,"Jakarta, CNBC Indonesia- Emas makin populer di tengah huru hara perang dagang yang dipicu kebijakan tarif Presiden AS Donald Trump. Aset logam mulia itu dikenal sebagai safe haven dan bersifat defensif di tengah gejolak ekonomi. Bisnis emas juga semakin moncer bagi lembaga jasa keuangan (LJK) yang menjalankan bullion service. Otoritas Jasa Keuangan (OJK) mengungkapkan bahwa transaksi emas di bank sudah hampir mencapai Rp1 triliun sejak peluncuran bullion bank pada 26 Februari 2025 lalu.   ""Sehin",2025-09-26 06:51:20
28,"Warga RI Ramai Borong Emas, Antre Sejak Subuh hingga Ikut PO",https://www.cnbcindonesia.com/market/20250417094735-17-626682/warga-ri-ramai-borong-emas-antre-sejak-subuh-hingga-ikut-po,2025-09-26,"Jakarta, CNBC Indonesia -Harga emas semakin menggila setelah kembali mencetak rekor harga tertinggi sepanjang masa. Emas sukses tembus level psikologis US$3.300 per troy ons. Bukan tidak mungkin, target selanjutnya adalah US$ 3.500 per troy ons. Harga emas di Tanah Air juga semakin meningkat. Harga emas Logam Mulia produksi PT Aneka Tambang Tbk terbang pada hari ini, Kamis (17/4/2025). Di butik emas LM Graha Dipta Pulo Gadung, harga emas Antam hari ini tercatat sebesar Rp1.975. 000 atau melesat ",2025-09-26 06:51:21
29,"Terungkap, Ini Alasan Warren Buffet Ogah Investasi Emas",https://www.cnbcindonesia.com/market/20250417085107-17-626666/terungkap-ini-alasan-warren-buffet-ogah-investasi-emas,2025-09-26,"Jakarta, CNBC Indonesia— Investor legendaris dunia, Warren Buffett memiliki strategi jitu dalam mengelola keuangannya. Keberhasilannya dalam berinvestasi menjadi panutan bagi para investor pasar modal. Tercatat, Buffett, yang merupakan Ketua Berkshire Hathaway, memiliki sejumlah portofolio di pasar saham. Mulai dari saham Apple Inc., Bank of America Corp, Coca Cola Co, dan masih banyak lagi. Namun, Buffett dikenal tidak tertarik pada investasi emas. Ia mendeskripsikannya dalam surat tahun 2011 k",2025-09-26 06:51:22
30,"Gila! Harga Emas Antam Logam Mulia Rekor Lagi, Hampir Rp 2 Juta",https://www.cnbcindonesia.com/research/20250417085238-128-626667/gila-harga-emas-antam-logam-mulia-rekor-lagi-hampir-rp-2-juta,2025-09-26,"Jakarta, CNBC Indonesia -Harga emas Logam Mulia produksi PT Aneka Tambang Tbk terbang pada hari ini, Kamis (17/4/2025). Di butik emas LM Graha Dipta Pulo Gadung, harga emas Antam hari ini tercatat sebesar Rp1.975. 000 atau melesat Rp 59.000 dibandingkan hari sebelumnya. Harga emas Antam hari ini adalah yang tertinggi sepanjang masa dan mematahkan rekor sebelumnya di Rp 1.916.000 per gram yang tercatat pada Rabu kemarin. Kenaikan hari ini juga memperpanjang tren positifnya. Harga emas Antam sudah",2025-09-26 06:51:25
31,Kisah Pemburu Emas: Datang Jam 3 Pagi Dapat Nomor Antrean 46,https://www.cnbcindonesia.com/market/20250416171440-17-626568/kisah-pemburu-emas-datang-jam-3-pagi-dapat-nomor-antrean-46,2025-09-26,"Jakarta, CNBC Indonesia— Indonesia tengah mengalami fenomena berburu emas. Antrean mengular di banyak toko emas di pusat perbelanjaan menjadi pemandangan yang lazim dalam beberapa hari terakhir. Saking tingginya minat membeli emas, tidak sedikit masyarakat yang rela antre sejak dini hari untuk mendapatkan logam mulia tersebut. Seperti Mila, warga Tanjung Priok yang datang ke Butik Emas Antam Pulogadung, Jakarta Timur. Dia datang pukul tiga pagi hanya untuk mengambil nomor antrean. Kendati sudah ",2025-09-26 06:51:26
32,"Fenomena Warga RI Antre Beli Emas, Takut Krisis Atau Cuma FOMO?",https://www.cnbcindonesia.com/news/20250416135703-4-626468/fenomena-warga-ri-antre-beli-emas-takut-krisis-atau-cuma-fomo,2025-09-26,"Jakarta, CNBC Indonesia -Harga emas meledak pada perdagangan Rabu (16/4/2025), seperti yang terjadi pada harga emas Logam Mulia produksi PT Aneka Tambang Tbk yang mencetak rekor baru sebesar Rp1.916.000 per 1 gram. Harga emas Antam yang naik Rp 20.000 dibanding hari kemarin juga seiring dengan harga emas dunia di pasar spot yang telah terapresiasi 0,58% di level US$3.227,61 per troy ons pada perdagangan Selasa (15/4/2025), dan berlanjut kenaikannya pada hari ini ke posisi US$ 3.241,7 per pukul 0",2025-09-26 06:51:26
33,"Bukan Cuma Emas, Warga RI Juga Pernah FOMO Sampai Rebutan Barang Ini",https://www.cnbcindonesia.com/research/20250416111320-128-626382/bukan-cuma-emas-warga-ri-juga-pernah-fomo-sampai-rebutan-barang-ini,2025-09-26,"Jakarta, CNBC Indonesia -Harga emas terus melonjak, kenaikan harga emas yang luar biasa mendorong masyarakat berbondong-bondong memburu emas. Antrian warga untuk membeli emas masih terlihat di beberapa butik emas Logam Mulia (LM) Antam, salah satunya Pulogadung hingga Tambun Bekasi. Pada perdagangan hari ini saja Rabu (16/4/2025), harga Logam Mulia (LM) Antam telah mencapai Rp1.916.000 per gram atau melesat Rp 20.000 dibandingkan hari sebelumnya. Harga emas Antam hari ini adalah yang tertinggi s",2025-09-26 06:51:27
34,Selamat Mr. Putin! Ternyata Rubel Rusia Jauh Lebih Cuan dari Emas,https://www.cnbcindonesia.com/research/20250416103739-128-626376/selamat-mr-putin-ternyata-rubel-rusia-jauh-lebih-cuan-dari-emas,2025-09-26,"Jakarta, CNBC Indonesia -Emas yang dianggapsafe haven assetternyata bukan merupakan aset yang melesat paling signifikan. Rubel Rusia justru telah mencatatkan lonjakan luar biasa, menjadikannya mata uang dengan kinerja terbaik secara global tahun ini. Kenaikan mata uang rubel bahkan lebih tinggi dibandingkan emas. Rubel telah menguat 38% terhadap dolar di pasar over-the-counter sejak awal tahun ini atau secarayear to date/ytd.Sementara dolar Amerika Serikat (AS) tertekan oleh peningkatan tarif pe",2025-09-26 06:51:27
35,"Bukan Cuma Emas, Investasi Ini Juga Bisa Jadi Safe Haven dan Bawa Cuan",https://www.cnbcindonesia.com/market/20250416101552-17-626366/bukan-cuma-emas-investasi-ini-juga-bisa-jadi-safe-haven-dan-bawa-cuan,2025-09-26,"Jakarta, CNBC Indonesia -Ketika gejolak pasar meningkat, investor cenderung mencari aset yang dianggap lebih aman. Emas menjadi pilihan paling populer sebagai lindung nilai terhadap tarif tinggi Presiden Donald Trump dan diborong berbagai pihak, termasuk bank sentral dan dana investasi. Namun, Goldman Sachs justru memilih yen Jepang sebagai lindung nilai utama dan memperkirakan mata uang itu akan menguat ke level 140 per dolar AS tahun ini. Proyeksi tersebut mencerminkan potensi penguatan sekita",2025-09-26 06:51:28
36,Ini 2 Ramalan Terbaru Harga Emas: Bikin Deg-Degan dan Penasaran,https://www.cnbcindonesia.com/research/20250416095633-128-626359/ini-2-ramalan-terbaru-harga-emas-bikin-deg-degan-dan-penasaran,2025-09-26,"Jakarta, CNBC Indonesia -Harga emas dunia kembali mencetak rekor terbarunya atau all-time-high (ATH) dengan semakin mendekati level US$3.300/troy ons. Dilansir dariRefinitiv, pada hari ini, Rabu (16/4/2025) pukul 09:29 WIB, harga emas dunia berada pada posisi US$3.271/troy ons. Posisi ini melewati rekor ATH sebelumnya pada 11 April 2025 yang pada saat itu berada pada level US$3.236/troy ons.  Harga emas mencapai rekor tertinggi sepanjang masa (ATH) baru-baru ini karena beberapa faktor utama: Pro",2025-09-26 06:51:28
37,"Sebelum Jual Emas, Perhatikan Hal Penting Ini",https://www.cnbcindonesia.com/market/20250416081012-17-626311/sebelum-jual-emas-perhatikan-hal-penting-ini,2025-09-26,"Jakarta, CNBC Indonesia— Logam mulia emas saat ini menjadi primadona dan diburu oleh masyarakat karena risiko ketidakpastian ekonomi yang sedang terjadi. Permintaan emas yang tinggi membuat harga emas melejit bahkan sempat menyentuh level tertinggi. Pada perdagangan Selasa (15/4/2025), harga emas dunia di pasar spot terapresiasi 0,58% di level US$3.227,61 per troy ons. Penutupan perdagangan tersebut mengembalikan kejayaan harga emas yang sempat terpatahkan pada perdagangan Senin. Harga penutupan",2025-09-26 06:51:29
38,"Harga Emas Antam Logam Mulia Rp 1,916 Juta/Gram, Rekor Sepanjang Masa",https://www.cnbcindonesia.com/research/20250416084351-128-626337/harga-emas-antam-logam-mulia-rp-1916-juta-gram-rekor-sepanjang-masa,2025-09-26,"Jakarta, CNBC Indonesia- Harga emas Logam Mulia produksi PT Aneka Tambang Tbk meledak pada hari ini, Rabu (16/4/2025). Di butik emas LM Graha Dipta Pulo Gadung, harga emas Antam hari ini tercatat sebesar Rp1.916. 000 atau melesat Rp 20.000 dibandingkan hari sebelumnya. Harga emas Antam hari ini adalah yang tertinggi sepanjang masa dan mematahkan rekor sebelumnya di Rp 1.904.000 per gram yang tercatat pada Sabtu pekan lalu. Sementara itu, hargabuyback(harga yang digunakan ketika menjual emas kemb",2025-09-26 06:51:29
39,"Warga RI FOMO Beli Emas, Jangan Lupa Cek Bunga Deposito per April 2025",https://www.cnbcindonesia.com/research/20250416050742-128-626290/warga-ri-fomo-beli-emas-jangan-lupa-cek-bunga-deposito-per-april-2025,2025-09-26,"Jakarta, CNBC Indonesia -Masyarakat Indonesia tengah dihebohkan dengan pembelian besar-besaran emas logam mulia. Keberadaan instrumen lain seperti deposito nyaris tidak terdengar. Di tengah fenomena aksi borong emas, perlu dicermati lagi apakah saat ini adalah momen tepat membeli emas atau menambah instrumen lain seperti deposito. Bank Indonesia (BI) akan mengumumkan kebijakan suku bunganya pada pekan depan. Turun, naik atau bertahannya suku bunga akan sangat mempengaruhi suku bunga kredit hingg",2025-09-26 06:51:30
40,"Video: Demam Beli Emas, Beneran Investasi Atau FOMO?",https://www.cnbcindonesia.com/market/20250415190743-19-626277/video-demam-beli-emas-beneran-investasi-atau-fomo,2025-09-26,"Jakarta, CNBC Indonesia- Kenaikan harga emas Logam Mulia Antam yang mendorong masyarakat memburu emas. Antean Panjang untuk belie mas bahkan tidak hanya terjadi di Jakarta, tapi juga daerah seperti Bekasi. Lantas apakah hal ini hanya sekedar FOMO atau benar-benar untuk investasi? Selengkapnya saksikan dialog Maria Katarina bersama Managing Editor CNBC Indonesia Ayyi Ahmad Hidayah dan Editor CNBC Indonesia Wiji Nurhayat di Program Closing Bell CNBC Indonesia, Selasa (15/04/2025).",2025-09-26 06:51:30
41,"Video: Mana lebih Profit, Investasi di Obligasi, Deposito Vs Emas?",https://www.cnbcindonesia.com/market/20250415180456-19-626249/video-mana-lebih-profit-investasi-di-obligasi-deposito-vs-emas,2025-09-26,"Jakarta, CNBC Indonesia- Emas kini menjadi incaran masyarakat Indonesia. Hal ini didorong kenaikan harga emas Logam Mulia Antam yang signifikan dalam jangka waktu kurang dari empat bulan. Lantas seperti apa sebenarnya jika dibandingkan investasi di instrument lain seperti obligasi atau deposito? Selengkapnya saksikan paparan Equity Analyst CNBC Indonesia Susi Setiawati dalam segmen Fundamental Pundit di Program Closing Bell CNBC Indonesia, Selasa (15/04/2025).",2025-09-26 06:51:30
42,Robert Kiyosaki Beberkan Investasi yang Bisa Lampaui Cuan Emas dan BTC,https://www.cnbcindonesia.com/market/20250415130049-17-626117/robert-kiyosaki-beberkan-investasi-yang-bisa-lampaui-cuan-emas-dan-btc,2025-09-26,"Jakarta, CNBC Indonesia- Penulis buku 'Rich Dad Poor Dad' Robert Kiyosaki memperkirakan perak akan menjadi aset paling menguntungkan dalam waktu dekat, melampaui emas dan Bitcoin. Dalam unggahan di platform X Kiyosaki menyatakan keinginannya agar masyarakat menjadi lebih kaya, bukan sebaliknya. Ia pun menyarankan publik untuk mulai menyimpan emas, perak, dan Bitcoin, namun menekankan bahwa perak adalah pilihan terbaik.   Menurutnya, harga perak pada Maret 2025 lalu yang berada di kisaran US$35 p",2025-09-26 06:51:33
43,BSI (BRIS) Ungkap Emas Moncer Kala Ekonomi Global Tak Pasti,https://www.cnbcindonesia.com/market/20250415165852-17-626235/bsi--bris--ungkap-emas-moncer-kala-ekonomi-global-tak-pasti,2025-09-26,"Jakarta, CNBC Indonesia- PT Bank Syariah Indonesia Tbk. (BRIS) alias BSI mengatakan emas menjadi solusi instrumen investasi saat ini, sebagai aset safe haven di tengah kondisi ketidakpastian ekonomi global. Dalam hal ini, para nasabah juga dapat mengumpulkan emas secara digital yang tidak perlu melalui antrean. Plt. Direktur Utama BSI Bob T. Ananta saat menjabarkan kondisi tersebut didukung pula oleh proyeksi harga emas yang dalam jangka menengah maupun panjang masih meningkat. Adapun dalam jang",2025-09-26 06:51:34
44,Mau Beli Emas Digital? Ini Yang Wajib Kamu Tahu,https://www.cnbcindonesia.com/research/20250415101851-128-626052/mau-beli-emas-digital-ini-yang-wajib-kamu-tahu,2025-09-26,"Jakarta, CNBC Indonesia -Emas digital kini menjadi opsi lain bagi para pemburu sang logam mulia saat ini. Emas digital bisa menjadi pilihan di tengah sulitnya membeli emas fisik dengan mengantri panjang bahkan dibatasi perharinya. Pada akhirnya sebagian masyarakat mulai beralih ke emas digital yang tidak perlu antri panjang dan bisa beli berapapun meskipun tidak langsung memegang emas secara fisik. Ternyata volume transaksi perdagangan emas digital terus mengalami kenaikan. Hal ini mencerminkan ",2025-09-26 06:51:34
45,Ini Sosok 8 Penguasa Tambang Emas RI yang Ketiban Durian Runtuh,https://www.cnbcindonesia.com/market/20250415130755-17-626123/ini-sosok-8-penguasa-tambang-emas-ri-yang-ketiban-durian-runtuh,2025-09-26,"Jakarta, CNBC Indonesia- Kala kondisi ekonomi bergejolak di tingkat global hingga domestik, instrumen investasi logam mulia emas menjadi pilihan safe haven utama. Itu terbukti dari harga emas yang terus melesat, bahkan sempat mencetak rekor intraday pada perdagangan kemarin, Senin (14/4/2025). Pada perdagangan hari ini Selasa (15/4/2025) hingga pukul 06.07 WIB, harga emas dunia di pasar spot menguat tipis 0,05% di posisi US$3.211,02 per troy ons. Tren kenaikan harga emas ini bakal terus naik di ",2025-09-26 06:51:35
46,"Pada FOMO Beli Emas, Yakin Bakal Untung Kalau Dijual Lagi?",https://www.cnbcindonesia.com/research/20250415114813-128-626088/pada-fomo-beli-emas-yakin-bakal-untung-kalau-dijual-lagi,2025-09-26,"Jakarta, CNBC Indonesia -Harga emas tak lama ini berhasil melejit ke level tertinggi sepanjang masa. Banyak orang akhirnya berbondong-bondong membeli logam mulia untuk investasi. Namun, tahukan kamu ketika beli emas kita sebenarnya sudah mengalami kerugian sekitar 5% lebih. Hal ini terjadi akibat spread atau selisih antara harga beli kita dan harga jual atau buyback. Maka dari itu dalam membeli emas patut diperhatikan seberapa besar spread dari jenis emas yang akan kita beli. Dalam konteks jual ",2025-09-26 06:51:36
47,"Harga Emas Antam Logam Mulia Hari Ini Gak Bergerak, Ayo Borong Lagi!",https://www.cnbcindonesia.com/research/20250415091616-128-626036/harga-emas-antam-logam-mulia-hari-ini-gak-bergerak-ayo-borong-lagi,2025-09-26,"Jakarta, CNBC Indonesia- Harga emas Logam Mulia produksi PT Aneka Tambang Tbk tak bergerak pada hari ini, Selasa (15/4/2025). Di butik emas LM Graha Dipta Pulo Gadung, harga emas Antam hari ini tercatat sebesar Rp1.896. 000 atau stagnan dibandingkan hari sebelumnya. Harga emas Antam sangat labil dalam tiga hari terakhir. Sempat mencetak rekor baru pada Sabtu pekan lalu, harga emas Antam jatuh sebesar Rp 8.000 pada Senin kemarin dan stagnan pada hari ini. Harga emas Antam sempat menyentuh titik b",2025-09-26 06:51:37
48,5 Alasan Mengapa Harga Emas Naik Saat Perang Dagang,https://www.cnbcindonesia.com/market/20250415073559-17-625989/5-alasan-mengapa-harga-emas-naik-saat-perang-dagang,2025-09-26,"Jakarta, CNBC Indonesia- Instrumen investasi logam mulia emas saat ini menjadi primadona, harga emas bergejolak sangat kencang. Harga emas sempat mencetak rekor intraday pada perdagangan kemarin, Senin (14/4/2025). Pada perdagangan hari ini Selasa (15/4/2025) hingga pukul 06.07 WIB, harga emas dunia di pasar spot menguat tipis 0,05% di posisi US$3.211,02 per troy ons. Emas akan terus merangkak naik saat terjadi konflik, termasuk perang. Apalagi, saat ini dua negara maju Amerika Serikat (AS) dan ",2025-09-26 06:51:37
49,"Astaga! Baru Turun Sebentar, Harga Emas Sudah Cetak Rekor Lagi",https://www.cnbcindonesia.com/research/20250414162535-128-625884/astaga-baru-turun-sebentar-harga-emas-sudah-cetak-rekor-lagi,2025-09-26,"Jakarta, CNBC Indonesia-Harga emas kembali melambung setelah sempat jeblok pada Senin pagi (14/4/2025). Merujuk padaRefinitiv,harga emas ada di US% 3.229,49 per troy ons pada Senin pukul 16.14 WIB. Harga tersebut melesat 1,75% dibandingkan penutupan Jumat pekan lalu. Harga emas di intraday bahkan sempat menyentuh US$ 3.245,42 yang merupakan rekor tertinggi sepanjang masa. Lonjakan harga emas juga sangat luar biasa mengingat sang logam mulia sempat ambruk 0,5% di US$ 3.219,75 per troy ons pada aw",2025-09-26 06:51:38
50,"Harga Emas Diprediksi Bisa Tembus Rp 2,43 Juta per Gram Akhir Tahun",https://www.cnbcindonesia.com/market/20250414145847-17-625843/harga-emas-diprediksi-bisa-tembus-rp-243-juta-per-gram-akhir-tahun,2025-09-26,"Jakarta, CNBC Indonesia- Harga emas diprediksi bisa menembus US$4.500 atau sekitar Rp 75.469.500 per troy ons (ekuivalen Rp 2,43 juta per gram) pada akhir 2025 dalam skenario risiko ekstrem. Prediksi ini disampaikan Goldman Sachs dalam laporan terbaru yang dirilis Jumat, (11/4/2025). Dikutip dari Investing.com, Bank investasi asal Amerika Serikat itu menaikkan proyeksi harga emas menjadi US$3.700 per ons troy untuk akhir 2025. Ini merupakan kali ketiga Goldman menaikkan target harga emasnya sepa",2025-09-26 06:51:38
51,"Perbandingan Investasi Obligasi, Deposito vs Emas: Mana Paling Profit?",https://www.cnbcindonesia.com/research/20250414093215-128-625693/perbandingan-investasi-obligasi-deposito-vs-emas-mana-paling-profit,2025-09-26,"Jakarta, CNBC Indonesia -Emas kini menjadi incaran masyarakat Indonesia. Sebagian orang rela antre sejak subuh hanya untuk dapat membeli emas. Mereka rela antre panjang dan jauh lebih pagi karena kekhawatiran emas akan segera tembus Rp2juta per gram. Fenomena antre beli emas batangan ini sudah terjadi sejak sehabis lebaran. Sebagian masyarakat memanfaatkan sisa Tunjangan Hari Raya (THR) untuk memborong emas. Sebelumnya pada awal April, antrean panjang ratusan meter mengular di lantai dasar Pondo",2025-09-26 06:51:39
52,"Emas 12 Kg Hilang Misterius di Jakarta, Pelakunya Pihak Tak Terduga",https://www.cnbcindonesia.com/entrepreneur/20250414094924-25-625702/emas-12-kg-hilang-misterius-di-jakarta-pelakunya-pihak-tak-terduga,2025-09-26,"Jakarta, CNBC Indonesia- Sejak lama,emasjadi simbol kekayaan dan investasi yang stabil. Nilainya yang terus meningkat membuat logam mulia ini jadi buruan banyak orang, termasuk oleh para pelaku kejahatan. Salah satu kasus cukup menggemparkan pernah terjadi di Indonesia pada 1947. Sebanyak 12 Kilogram emas mendadak lenyap secara misterius di Bandara Kemayoran, Jakarta, tanpa jejak pembobolan sedikitpun.   Kejadian ini berlangsung pada 5 Mei 1947 dan sempat membuat geger warga Jakarta. Sebab, bara",2025-09-26 06:51:39
53,"Usai Terbang 4 Hari, Harga Emas Antam Logam Mulia Hari Ini Ambruk",https://www.cnbcindonesia.com/research/20250414085202-128-625681/usai-terbang-4-hari-harga-emas-antam-logam-mulia-hari-ini-ambruk,2025-09-26,"Jakarta, CNBC Indonesia- Harga emas Logam Mulia produksi PT Aneka Tambang Tbk ambruk pada hari ini, Senin (14/4/2025). Di butik emas LM Graha Dipta Pulo Gadung ambruk sebesar Rp8.000. Harga emas Antam hari ini tercatat sebesar Rp1.896. 000. Pelemahan ini adalah yang pertama kali dalam lima hari terakhir. Emas sempat terbang hingga Rp 150.000 dalam empat hari. Harga emas Antam bahkan sempat menyentuh titik baru dalam sejarah Indonesia dengan menembus Rp 1.904.000 per gram pada Sabtu pekan lalu. S",2025-09-26 06:51:40
54,"Harga Emas Hari Ini Turun, Lagi Ngumpulin Kekuatan Tembus US$3.500",https://www.cnbcindonesia.com/research/20250413203156-128-625632/harga-emas-hari-ini-turun-lagi-ngumpulin-kekuatan-tembus-us-3500,2025-09-26,"Jakarta, CNBC Indonesia -Harga emas melemah pada hari ini, Senin (14/4/2025). Namun, pelemahan ini diperkirakan hanya sementara karena sang logam mulia diperkirakan akan kembali terbang. Investor emas makin bahagia. Harga emas dunia kini kembali memecahkan rekor harga tertinggi baru sepanjang masa. Level psikologis US$3.200 per troy ons kini berhasil ditembus, mimpi untuk emas mencapai level US$3.500 per troy ons tahun ini semakin dekat. Perang tarif antara Amerika Serikat (AS) dengan China memb",2025-09-26 06:51:43
55,"Harga Emas Rekor & Tembus Level US$ 3.200, Ini 5 Penyebabnya",https://www.cnbcindonesia.com/research/20250413060657-128-625506/harga-emas-rekor-tembus-level-us--3200-ini-5-penyebabnya,2025-09-26,"Jakarta, CNBC Indonesia- Di tengah keadaan ekonomi secara global mengalami banyak ancaman, emas kembali menegaskan posisinya sebagai aset pelindung nilai yang paling dicari. MerujukRefinitiv, pada perdagangan terakhir pekan ini, Jumat (11/4/2025), harga emas menembus US$ 3.210,02 per troy ons. Harganya melejit 1,13%. Harga emas di intraday bahkan sempat menyentuh US$ 3.245,28 per troy ons.Penutupan hari ini adalah yang tertinggi sepanjang masa. Untuk pertama kali dalam sejarah, emas juga menyent",2025-09-26 06:51:43
56,"Sekarang Harganya Makin Tinggi, Dulu Emas di Jawa Bertaburan",https://www.cnbcindonesia.com/market/20250412171218-17-625483/sekarang-harganya-makin-tinggi-dulu-emas-di-jawa-bertaburan,2025-09-26,"Jakarta, CNBC Indonesia- Harga emas di Indonesia saat ini terus mengalami kenaikan. Kini, harga 1 gram emas menyentuh angka Rp1,9 juta lebih. Semakin mengkilaunya harga emas, membuat orang tertarik menjadikan logam mulia tersebut sebagai investasi menjanjikan di tengah ketidakpastian ekonomi. Namun, untuk memperolehnya seseorang harus merogoh kocek dalam. Terus meningkatnya harga emas berbanding terbalik dengan kondisi ratusan tahun lalu di masa Kerajaan Hindu Budha. Saking murahnya, warga Jawa ",2025-09-26 06:51:44
57,"Ini 10 Negara Penghasil Emas Terbesar Dunia, RI Nomor Berapa?",https://www.cnbcindonesia.com/research/20250412152552-128-625475/ini-10-negara-penghasil-emas-terbesar-dunia-ri-nomor-berapa,2025-09-26,"Jakarta, CNBC Indonesia -Di tengah keadaan ekonomi secara global mengalami banyak ancaman, emas kembali menegaskan posisinya sebagai aset pelindung nilai yang paling dicari. Harga emas terus memecahkan rekor demi rekor dan menembus level baru. MerujukRefinitiv, pada perdagangan terakhir pekan ini, Jumat (11/4/2025), harga emas menembus US$ 3.210,02 per troy ons. Harganya melejit 1,13%. Harga emas di intraday bahkan sempat menyentuh US$ 3.245,28 per troy ons.Penutupan hari ini adalah yang terting",2025-09-26 06:51:44
58,"Mendadak FOMO Beli Emas, Keputusan Tepat Atau Mending Tunggu Dulu?",https://www.cnbcindonesia.com/research/20250411155902-128-625285/mendadak-fomo-beli-emas-keputusan-tepat-atau-mending-tunggu-dulu,2025-09-26,"Jakarta, CNBC Indonesia -Akhir-akhir ini di beberapa toko emas orang banyak orang berbondong-bondong mau beli emas seiring dengan harga-nya yang melejit bahkan menembus rekor tertinggi sepanjang masa. Salah satunya antrean panjang ratusan meter mengular terjadi di lantai dasar Pondok Indah Mall (PIM) 1, Minggu (6/5/2025). Dari pantauan CNBC Indonesia, pukul 10.30 WIB, antrean di gerai terlihat mengular sekitar 200 meter panjangnya, dengan kondisi antrean yang dibuat berliku-liku. Namun tidak ber",2025-09-26 06:51:45
59,"Harga Emas Meledak! Sebelum Beli, Simak Beda Emas Antam, Pegadaian-UBS",https://www.cnbcindonesia.com/market/20250412082415-17-625411/harga-emas-meledak-sebelum-beli-simak-beda-emas-antam-pegadaian-ubs,2025-09-26,"Jakarta, CNBC Indonesia -Harga emas melambung dan cetak level baru dalam sejarah, yakni US$ 3.200. Lonjakan harga emas terjadi di tengah kekhawatiran resesi dan perang dagang. Merujuk Refinitiv, pada perdagangan terakhir pekan ini, Jumat (11/4/2025), harga emas menembus US$3.210,02 per troy ons. Harganya melejit 1,13%. Di saat bersamaan, beberapa hari terakhir dilaporkan ramai warga RI membeli emas. Bahkan sampai mengantre. Penampakan antrean ini terjadi di Butik Emas Antam di Pulogadung, Butik ",2025-09-26 06:51:45
60,"Meledak! Harga Emas Antam Cetak Rekor Bersejarah, Tembus Rp 1,9 Juta",https://www.cnbcindonesia.com/research/20250412083942-128-625421/meledak-harga-emas-antam-cetak-rekor-bersejarah-tembus-rp-19-juta,2025-09-26,"Jakarta, CNBC Indonesia- Harga emas Logam Mulia produksi PT Aneka Tambang Tbk semakin terbang pada hari ini, Sabtu (12/4/2025). Di butik emas LM Graha Dipta Pulo Gadung melonjak sebesar Rp15.000. Harga emas Antam hari ini tercatat sebesar Rp1.904. 000. Harga emas Antam hari ini menjadi titik baru dalam sejarah Indonesia. Untuk pertama kalinya, harga emas Antam menembus level Rp 1,9 juta per gram. Kenaikan hari ini membuat harga emas Antam melonjak hingga Rp 150.000 hanya dalam tiga hari, Sementa",2025-09-26 06:51:46
61,"Selain Emas, Ini 5 Pilihan Instrumen Investasi Buat Pemula Usia 20-an",https://www.cnbcindonesia.com/lifestyle/20250412005154-33-625401/selain-emas-ini-5-pilihan-instrumen-investasi-buat-pemula-usia-20-an,2025-09-26,"Jakarta, CNBC Indonesia -Akhir-akhir ini ramai diberitakan, warga RI sampai mengantre membeli emas. Saat harga logam mulia ini melesat, minat warga RI menyimpan emas pun ikut meningkat. Menurut data Pegadaian Galeri 24, permintaan emas melonjak drastis pada Rabu-Jumat (9-11/4/2025). Ini berbarengan dengan melonjaknya harga emas. Disebutkan, permintaan setiap outlet mereka rata-rata mengalami permintaan hingga tiga kali lipat. Penjualan emas batangan selama tiga hari pada periode Rabu-Jumat ( 9-1",2025-09-26 06:51:46
62,"Dari Pulogadung ke Bekasi, Potret Warga RI Mengular Beli Emas",https://www.cnbcindonesia.com/news/20250411170048-7-625312/dari-pulogadung-ke-bekasi-potret-warga-ri-mengular-beli-emas,2025-09-26,"Pelanggan memadati Butik Emas Antam di Pulogadung, Jakarta, Jumat (11/4/2025). Melonjaknya harga emas Logam Mulia produksi PT Aneka Tambang Tbk membuat masyarkat berbondong-bondong untuk membeli. Hal ini terlihat dari masyarakat yang memadati Butik Emas Antam yang berlokasi di Jakarta Timur. (CNBC Indonesia/Faisal Rahman) Berdasarkan pantauan CNBC Indonesia, calon pembeli terlihat penuh sesak saat menunggu panggilan antrean pembelian. Kepadatan calon pembeli juga terlihat hingga sudut-sudut gera",2025-09-26 06:51:47
63,Sejarah Baru Dunia: Harga Emas Menembus US$ 3.200,https://www.cnbcindonesia.com/research/20250412054930-128-625405/sejarah-baru-dunia-harga-emas-menembus-us--3200,2025-09-26,"Jakarta, CNBC Indonesia -Harga emas terbang dan mencetak level baru dalam sejarah yakni US$ 3.200. Emas melonjak di tengah kekhawatiran resesi dan perang dagang. MerujukRefinitiv, pada perdagangan terakhir pekan ini, Jumat (11/4/2025), harga emas menembus US$ 3.210,02 per troy ons. Harganya melejit 1,13%. Harga emas di intraday bahkan sempat menyentuh US$ 3.245,28 per troy ons.Penutupan hari ini adalah yang tertinggi sepanjang masa. Untuk pertama kali dalam sejarah, emas juga menyentuh level US$",2025-09-26 06:51:47
64,"Video: Harga Emas Makin Berkilau, Dekati Rp 1,9 Juta/Gram",https://www.cnbcindonesia.com/news/20250411185717-8-625376/video-harga-emas-makin-berkilau-dekati-rp-19-juta-gram,2025-09-26,"Jakarta, CNBC Indonesia -Harga emas melonjak tajam dalam tiga bulan terakhir dan kini menyentuh rekor tertinggi mendekati 1,9 juta per gram. Lonjakan ini bukan hanya membuat pembeli berlomba-lomba mengamankan logam mulia namun juga menyebabkan kelangkaan emas batangan. Selengkapnya saksikan di Program Evening Up CNBC Indonesia, Jumat (11/04/2025).",2025-09-26 06:51:48
65,Video: Tarif Impor AS China Jadi 145% - Harga Emas Antam Kembali Rekor,https://www.cnbcindonesia.com/news/20250411180412-8-625358/video-tarif-impor-as-china-jadi-145--harga-emas-antam-kembali-rekor,2025-09-26,"Jakarta, CNBC Indonesia -Presiden Amerika Serikat Donald Trump secara resmi menaikkan tarif impor produk-produk dari China menjadi 145%. Langkah ini menandai eskalasi terbaru dalam perang dagang antara dua ekonomi terbesar dunia. Sementara itu, harga emas logam mulia produksi PT Aneka Tambang Tbk kembali terbang pada hari ini Jumat (11/4). di butik emas LM Graha Dipta Pulo Gadung melonjak sebesar Rp 43.000. Harga emas Antam hari ini tercatat sebesar Rp 1.889.000. Selengkapnya saksikan di Program",2025-09-26 06:51:48
66,"Warga RI 'Menggila', Pusat Butik Emas Antam Penuh Sesak Diserbu Warga",https://www.cnbcindonesia.com/news/20250411161127-7-625292/warga-ri-menggila-pusat-butik-emas-antam-penuh-sesak-diserbu-warga,2025-09-26,"Pelanggan memadati Butik Emas Antam di Pulogadung, Jakarta, Jumat (11/4/2025).  (CNBC Indonesia/Faisal Rahman) Melonjaknya harga emas Logam Mulia produksi PT Aneka Tambang Tbk membuat masyarkat berbondong-bondong untuk membeli. (CNBC Indonesia/Faisal Rahman) Hal ini terlihat dari masyarakat yang memadati Butik Emas Antam yang berlokasi di Jakarta Timur. (CNBC Indonesia/Faisal Rahman) Berdasarkan pantauan CNBC Indonesia, calon pembeli terlihat penuh sesak saat menunggu panggilan antrean pembelian",2025-09-26 06:51:51
67,"Ramai-ramai Warga RI Borong Emas Galeri 24, dalam 3 Hari Laku 170 Kg",https://www.cnbcindonesia.com/research/20250411122101-128-625201/ramai-ramai-warga-ri-borong-emas-galeri-24-dalam-3-hari-laku-170-kg,2025-09-26,"Jakarta, CNBC Indonesia- Emas semakin menjadi primadona di tengah melejitnya harga sang logam mulia. Tingginya minat terhadap emas tercermin dari lonjakan pembelian. Data Pegadaian Galeri 24 menunjukkan permintaan emas melonjak drastis pada Rabu-Jumat (9-11/4/2025) atau berbarengan dengan melonjaknya harga emas. Menurut Galeri 24 Pegadaian,permintaan setiap outletmereka rata-rata mengalami permintaan hingga tiga kali lipat. Penjualan emas Batangan selama tiga hari pada periode Rabu-Jumat ( 9-11/",2025-09-26 06:51:51
68,"Harga Emas Pecah Rekor Lagi, Saham Logam Mulia Ikut Terbang!",https://www.cnbcindonesia.com/research/20250411110446-128-625162/harga-emas-pecah-rekor-lagi-saham-logam-mulia-ikut-terbang,2025-09-26,"Jakarta, CNBC Indonesia -Harga emas acuan dunia (XAU) kembali terbang menuju level tertinggi sepanjang masa. Saham-saham di sektor emas pun merespon dengan pergerakan yang moncer. Merujuk data Refinitiv pada perdagangan Jumat hari ini (11/4/2025) pukul 10.59 WIB, harga emas acuan dunia (XAU) kembali naik 1,35% US$ 3,216.95 per troy ons. Jika apresiasi ini bertahan sampai akhir sesi akan menandai penguatan selama tiga hari beruntun dan memecahkan rekor All Time High (ATH) baru.  Menguatnya emas s",2025-09-26 06:51:52
69,"Naik Gila-gilaan! Harga Emas Antam Kembali Rekor, Hampir Rp 1,9 Juta",https://www.cnbcindonesia.com/research/20250411090741-128-625101/naik-gila-gilaan-harga-emas-antam-kembali-rekor-hampir-rp-19-juta,2025-09-26,"Jakarta, CNBC Indonesia- Harga emas Logam Mulia produksi PT Aneka Tambang Tbk kembali terbang pada hari ini, Jumat (11/4/2025). Di butik emas LM Graha Dipta Pulo Gadung melonjak sebesar Rp43.000. Harga emas Antam hari ini tercatat sebesar Rp1.889. 000. Harga hari ini adalah rekor tertinggi sepanjang masa dan mengalahkan rekor hari Kamis kemarin di Rp 1.846.000 per gram. Kenaikan hari ini membuat harga emas Antam melonjak hingga Rp 135.000 hanya dalam tiga hari, Sementara itu, hargabuyback(harga ",2025-09-26 06:51:52
70,"Kepada Pemilik Emas: Berpestalah, Bersiaplah Lihat Harga Emas US$3.200",https://www.cnbcindonesia.com/research/20250411062232-128-625032/kepada-pemilik-emas-berpestalah-bersiaplah-lihat-harga-emas-us-3200,2025-09-26,"Jakarta, CNBC Indonesia -Harga emas lagi-lagi mencetak rekor tertinggi sepanjang masa. Perang dagang antara Amerika Serikat (AS) dengan China yang makin memanas mendorong kejayaan harga emas dunia. Pada perdagangan Kamis (10/4/2025), harga emas dunia di pasar spot melejit 2,98% di level US$3.173,92 per troy ons. Penutupan perdagangan ini memecahkan rekor kenaikan harga emas tertinggi sepanjang masa. Tak butuh waktu lama lagi harga emas dunia menuju level US$3.200 per troy ons. Penguatan ini juga",2025-09-26 06:51:53
71,"Video: Harga Emas Antam Tembus Rp 1,846 Juta - Macron Akui Palestina",https://www.cnbcindonesia.com/news/20250410182716-8-624999/video-harga-emas-antam-tembus-rp-1846-juta--macron-akui-palestina,2025-09-26,"Jakarta, CNBC Indonesia -Harga emas logam mulia produksi PT Aneka Tambang Tbk naik sebesar Rp 69.000 atau berada di posisi Rp 1.846.000. Sementara itu, Presiden Prancis Emmanuel Macron bicara kemungkinan Prancis akan mengakui Palestina sebagai negara. Dia mengatakan kepastian pengakuan negara palestina itu akan diambil pada Juni mendatang. Selengkapnya saksikan di Program Evening Up CNBC Indonesia, Kamis (10/04/2025).",2025-09-26 06:51:53
72,"Meledak! Harga Emas Antam Hari Ini Cetak Rekor, Tembus Rp 1,846 Juta",https://www.cnbcindonesia.com/research/20250410091509-128-624772/meledak-harga-emas-antam-hari-ini-cetak-rekor-tembus-rp-1846-juta,2025-09-26,"Jakarta, CNBC Indonesia- Harga emas Logam Mulia produksi PT Aneka Tambang Tbk akhirnya terbang pada hari ini, Kamis (10/4/2025). Di butik emas LM Graha Dipta Pulo Gadung melonjak sebesar Rp69.000. Harga emas Antam hari ini tercatat sebesar Rp1.846. 000. Harga hari ini merupakan rekor baru dan mengalahkan rekor sebelumnya di Rp 1.836.000 per gram. Kenaikan hari ini membuat harga emas Antam melonjak hingga Rp 92.000 hanya dalam dua hari, Sementara itu, hargabuyback(harga yang digunakan ketika menj",2025-09-26 06:51:54
73,"Harga Emas Antam Mulai Bangkit, Ini Bocoran Kapan Tembus Rp 2 Juta",https://www.cnbcindonesia.com/research/20250409142555-128-624606/harga-emas-antam-mulai-bangkit-ini-bocoran-kapan-tembus-rp-2-juta,2025-09-26,"Jakarta, CNBC Indonesia -Investor emas kembali dibuat happy. Lantaran harga emas kini mulai kembali naik. Optimisme terhadap pasar emas pun makin meningkat usai emas di ramal akan tembus hingga US$4.000 per troy ons. Kenaikan harga emas dunia pun akan berdampak langsung terhadap harga emas logam mulia, salah satunya Antam. Pada perdagangan hari ini Rabu(9/4/2025) hingga pukul 13.45 WIB, harga emas dunia melesat 1,57% di level US$3.030,69 per troy ons. Kenaikan ini melanjutkan kenaikan pada perda",2025-09-26 06:51:54
74,"Usai Ambruk 4 Hari, Harga Emas Antam Hari Ini Bangkit! Naik Rp 23.000",https://www.cnbcindonesia.com/research/20250409090834-128-624469/usai-ambruk-4-hari-harga-emas-antam-hari-ini-bangkit-naik-rp-23000,2025-09-26,"Jakarta, CNBC Indonesia- Harga emas Logam Mulia produksi PT Aneka Tambang Tbk akhirnya bangkit pada hari ini, Rabu (9/4/2025). Di butik emas LM Graha Dipta Pulo Gadung melonjak sebesar Rp23.000. Harga emas Antam hari ini tercatat sebesar Rp1.777. 000. Kenaikan hari ini menjadi kabar baik setelah harga emas Antam babak belur. Harganya sempat ambles hingga Rp 82.000 dalam empat hari beruntun. Sementara itu, hargabuyback(harga yang digunakan ketika menjual emas kembali) pada hari ini ada di posisi ",2025-09-26 06:51:55
75,Obligasi vs Emas vs Deposito: Mana Paling Menarik Buat Investasi?,https://www.cnbcindonesia.com/research/20250407192937-128-624030/obligasi-vs-emas-vs-deposito-mana-paling-menarik-buat-investasi,2025-09-26,"Jakarta, CNBC Indonesia -Fenomena borong emas kini terjadi usai tarif perang dagang memanas Kekhawatiran akan terjadi perlambatan ekonomi bahkan krisis di beberapa negara mendorong permintaan safe haven yakni emas menjadi meningkat. Masyarakat pun berbondong-bondong membeli emas usai lebaran. Salah satunya antrean panjang ratusan meter mengular terjadi di lantai dasar Pondok Indah Mall (PIM). Pada Minggu (6/5/2025), orang-orang rela mengantre panjang untuk membeli emas di PIM. Dari pantauan CNBC",2025-09-26 06:51:55
76,"Jatuh 4 Hari Beruntun, Harga Emas Antam Sudah Turun Rp 82.000",https://www.cnbcindonesia.com/research/20250408091628-128-624120/jatuh-4-hari-beruntun-harga-emas-antam-sudah-turun-rp-82000,2025-09-26,"Jakarta, CNBC Indonesia- Harga emas Logam Mulia produksi PT Aneka Tambang Tbk makin ambruk lagi pada hari ini, Selasa (8/4/2025). Di butik emas LM Graha Dipta Pulo Gadung turun sebesar Rp4.000. Harga emas Antam hari ini tercatat sebesar Rp1.754. 000. Harga tersebut adalah yang terendah sejak 18 Maret 2025 atau hampir sebulan terakhir. Pelemahan kemarin juga membuat harga emas Antam ambles hingga Rp 82.000 dalam tiga hari beruntun.Padahal, harga emas Antam memecahkan rekor demi rekor di awal bula",2025-09-26 06:51:56
77,Ragam Cerita Unik 'Pemburu' Emas Saat Lebaran,https://www.cnbcindonesia.com/market/20250408000718-17-624055/ragam-cerita-unik-pemburu-emas-saat-lebaran,2025-09-26,"Jakarta, CNBC Indonesia- Perayaan Idulfitri pada tahun ini terasa berbeda dibandingkan tahun-tahun sebelumnya. Tanpa diduga, emas ternyata menjadi pilihan banyak warga Indonesia setelah menerima Tunjangan Hari Raya (THR).  CNBC Indonesia melihat langsung tingginya peminat emas pada salah satu mal di Jakarta Selatan. Tepatnya pada gerai Logam Mulia (LM) milik Antam.  Ratusan orang rela antre demi mendapatkan kepingan emas yang dijual dengan harga sekitar Rp1,7-18 juta per gram. Bahkan tidak sedik",2025-09-26 06:52:00
78,"Harga Emas Turun Tajam dalam Hitungan Hari, Ini 5 Penyebabnya",https://www.cnbcindonesia.com/research/20250407110556-128-623966/harga-emas-turun-tajam-dalam-hitungan-hari-ini-5-penyebabnya,2025-09-26,"Jakarta, CNBC Indonesia- Harga emas tiba-tiba jatuh dalam tiga hari terakhir. Sang logam mulia kehilangan US$ 104/gram dari titik tertingginya hanya dalam hitungan empat hari. MerujukRefinitiv, harga emas dunia pada hari ini, Senin (7/4/2025) pukul 10.20 WIB ada di posisi US$ 3.028,58 per troy ons atau melemah 0,29%. Posisi tersebut adalah yang terendah sejak 14 Maret 225. Emas sudah jatuh 3,4% dalam tiga hari terakhir. Jatuhnya sang logam mulia tentu mengagetkan mengingat emas terus menerus men",2025-09-26 06:52:00
79,"Diobral! Harga Emas Antam Hari Ini Turun Rp23.000, Balik ke Rp1,7 Juta",https://www.cnbcindonesia.com/research/20250407082850-128-623936/diobral-harga-emas-antam-hari-ini-turun-rp23000-balik-ke-rp17-juta,2025-09-26,"Jakarta, CNBC Indonesia- Harga emas Logam Mulia produksi PT Aneka Tambang Tbk makin ambruk pada hari ini, Minggu (5/4/2025). Di butik emas LM Graha Dipta Pulo Gadung turun sebesar Rp23.000. Harga emas Antam hari ini tercatat sebesar Rp1.758. 000. Harga tersebut adalah yang terendah sejak 18 Maret 2025 atau hampir sebulan terakhir. Pelemahan kemarin juga membuat harga emas Antam ambles hingga Rp 68.000 dalam tiga hari beruntun.Padahal, harga emas Antam memecahkan rekor pada Kamis pekan lalu di an",2025-09-26 06:52:02
80,"Makin Hancur Lebur: Perdagangan Dibuka, Harga Emas Langsung Ambruk",https://www.cnbcindonesia.com/research/20250407060244-128-623917/makin-hancur-lebur-perdagangan-dibuka-harga-emas-langsung-ambruk,2025-09-26,"Jakarta, CNBC Indonesia -Harga emas acuan dunia melanjutkan tren koreksi akibat ulah Presiden Amerika Serikat (AS) yang mengumumkan tarif resiprokal ke berbagai negara, termasuk Indonesia. Merujuk data Refinitiv, pada perdagangan Jumat (4/4/2025) harga emas acuan dunia (XAU) jatuh 2,42% dalam sehari ke posisi US$ 3037,35 per troy ons. Depresiasi itu kemudian berlanjut pada Senin pagi ini (7/4/2025). Kami memantau sampai pukul 05.50 WIB, harga emas kembali kontraksi 0,84% ke posisi US$ 3.011,96 p",2025-09-26 06:52:03
81,"Tiba-tiba Ramai Orang RI Beli Emas, Keputusan Tepat?",https://www.cnbcindonesia.com/mymoney/20250406204339-72-623896/tiba-tiba-ramai-orang-ri-beli-emas-keputusan-tepat,2025-09-26,"Jakarta, CNBC Indonesia- Masyarakat berbondong-bondong membeli emas usai lebaran. Berdasarkan pantauan CNBC Indonesia, antrian beli emas bahkan sampai mengular. Lantas, apakah tepat membeli emas saat ini?  Salah satunya antrean panjang ratusan meter mengular terjadi di lantai dasar Pondok Indah Mall (PIM) 1, Minggu (6/5/2025). Ternyata antrean ini disebabkan orang-orang berbondong membeli emas.  Dari pantauan CNBC Indonesia, pukul 10.30 WIB, antrean di gerai terlihat mengular sekitar 200 meter p",2025-09-26 06:52:03
82,"Rela Antre Beli Emas Sejak Subuh, Pembeli: Takut Harga Keburu Rp2 Juta",https://www.cnbcindonesia.com/market/20250406183443-17-623874/rela-antre-beli-emas-sejak-subuh-pembeli-takut-harga-keburu-rp2-juta,2025-09-26,"Jakarta, CNBC Indonesia-Gerai Logam Mulia (LM) milik Antam di salah satu Mal Jakarta ramai didatangi pembeli. Tak tanggung-tanggung, pembeli bahkan rela antre sejak subuh supaya tidak kehabisan.  Vicky Lontoh salah satu pembeli yang mengaku sudah mengambil nomor antrean bernomor 53 sejak 05.30 pagi. Ada beberapa alasan diungkapkan, antara lain penempatan dana sisa Tunjangan Hari Raya.  Selain itu orang juga ramai membeli emas karena kenaikan harga yang drastis terjadi, membuat orang percaya bahw",2025-09-26 06:52:04
83,"Tak Perlu Antre di Mal, Begini Cara Beli Emas Batangan secara Online",https://www.cnbcindonesia.com/tech/20250406165656-37-623868/tak-perlu-antre-di-mal-begini-cara-beli-emas-batangan-secara-online,2025-09-26,"Jakarta, CNBC Indonesia- Antrean panjang terlihat di berbagai gerai Logam Mulia (LM) milik Antam di mal besar seperti Pondok Indah Mall. Masyarakat rela antre berjam-jam sejak sejal mal belum dibuka demi memiliki kepingan emas. Menurut Exhibition and Promotion Work Unit Head Antam, Felita Digna, selama periode libur Lebaran, seluruh butik LM Antam tutup sementara, sehingga banyak pelanggan yang beralih ke pameran di mal untuk membeli emas. ""Customermencarichannellain untuk membeli emas, salah sa",2025-09-26 06:52:04
84,Ramai-Ramai Warga Antre Demi Beli Emas Batangan 25-50 Gram,https://www.cnbcindonesia.com/market/20250406155210-17-623859/ramai-ramai-warga-antre-demi-beli-emas-batangan-25-50-gram,2025-09-26,"Jakarta, CNBC Indonesia- Pembelian emas Antam melonjak usai Lebaran. Gerai Logam Mulia milik Antam di Pondok Indah Mall ramai diserbu pemburu emas pada Minggu (6/4/2025). Mayoritas dari pembeli yang ditemui CNBC Indonesia mengaku sengaja membelanjakan uang Tunjangan Hari Raya (THR) mereka untuk berinvestasi di logam mulai. Meningkatkan pembelian emas juga didorong kekhawatiran masyarakat atas kondisi ketidakpastian ekonomi global yang membuat harga logam mulai tersebut diprediksi bisa tembus Rp ",2025-09-26 06:52:05
85,Alasan Warga RI Berbondong-Bondong Numpuk Emas Usai Lebaran,https://www.cnbcindonesia.com/market/20250406152123-17-623855/alasan-warga-ri-berbondong-bondong-numpuk-emas-usai-lebaran,2025-09-26,"Jakarta, CNBC Indonesia- Minat masyarakat untuk membeli emas meningkat tinggi usai Lebaran. Hal ini dibuktikan dari antrean yang panjang terjadi di gerai Logam Mulia (LM) milik Antam di beberapa mal. Padahal harga emas masih cukup tinggi, sempat tembus rekor Rp 1.836.000 per gram, meski sudah mulai turun menjadi Rp 1.781.000 per gram. Kendati begitu kondisi harga tinggi ini belum menyurutkan niat lebih dari 200 orang yang mengantre di gerai LM Antam di Pondok Indah Mall untuk melakukan pembelian",2025-09-26 06:52:06
86,"Ini 10 Negara Penghasil Emas Terbesar di Dunia, RI Nomor Berapa?",https://www.cnbcindonesia.com/research/20250406104541-128-623813/ini-10-negara-penghasil-emas-terbesar-di-dunia-ri-nomor-berapa,2025-09-26,"Jakarta, CNBC Indonesia -Di tengah kekacauan yang tengah terjadi, harga emas dunia masih berada di level yang tinggi meskipun sempat mengalami penurunan di dua hari terakhir perdagangan. Harga emas dunia terperosok usai Presiden Amerika Serikat (AS) Donald Trump mengumumkan kenaikan tarif resiprokal ke beberapa negara. Kebijakan tarif membuat investor banyak kehilangan keuntungan dari pasar saham. Emas pun kemudian dijual untuk menutupi kerugian tersebut. Pada perdagangan Jumat (4/4/2025), harga",2025-09-26 06:52:07
87,Warga RI Rela Antre Sejak Subuh Demi Borong Emas Antam di Mal,https://www.cnbcindonesia.com/news/20250406140824-4-623841/warga-ri-rela-antre-sejak-subuh-demi-borong-emas-antam-di-mal,2025-09-26,"Jakarta, CNBC Indonesia -Antrean panjang di depan gerai Logam Mulia Antam di Pondok Indah Mall, menjadi pemandangan yang tidak asing bagi pengunjung sejak April 2025. Para pemburu emas rela antre berjam-jam sejak pagi buta, saat mal pun belum juga dibuka. Para pemburu emas Antam ini rela antre berjam-jam demi mendapatkan logam mulia yang harganya tengah meroket. Seperti diketahui harga emas Antam sempat tembus rekor tertinggi mencapai Rp 1.836.000 per gram beberapa waktu lalu. Meski saat hargany",2025-09-26 06:52:08
88,"Ramai-Ramai Warga RI Serbu Emas Antam, THR Lebaran Belum Habis?",https://www.cnbcindonesia.com/news/20250406132827-7-623831/ramai-ramai-warga-ri-serbu-emas-antam-thr-lebaran-belum-habis,2025-09-26,"Antrean panjang ratusan meter mengular terjadi di lantai dasar Pondok Indah Mall (PIM) 1, Minggu (6/5/2025). Ternyata antrean ini disebabkan orang-orang berbondong membeli emas. (CNBC Indonesia/Emir Yanwardhana) Gerai Logam Mulia Antam diserbu pemburu emas yang harganya sempat tembus all time high mencapau Rp 1.836.000 per gram, meski saat ini sudah mulai turun menjadi Rp 1.781.000 per gram. (CNBC Indonesia/Emir Yanwardhana) Dari pantauan CNBC Indonesia, pukul 10.30 WIB, antrean di gerai terliha",2025-09-26 06:52:11
89,"Habiskan THR, Warga RI Berbondong-Bondong Antre Beli Emas di PIM 1",https://www.cnbcindonesia.com/market/20250406132706-17-623830/habiskan-thr-warga-ri-berbondong-bondong-antre-beli-emas-di-pim-1,2025-09-26,"Jakarta, CNBC Indonesia -Antrean panjang ratusan meter mengular di lantai dasar Pondok Indah Mall (PIM) 1 pada H+6 Lebaran atau Idul Fitri, Minggu (5/4/2025). Tampak sejumlah warga mengantre dengan sabar. Hal ini memicu pertanyaan pengunjung lain di mal bilangan Jakarta Selatan ini. Penyebab ternyata disebabkan oleh warga yang berbondong-bondong membeli emas batangan Antam. Produsen emas pelat merah ini memang tengah mengadakan pameran logam mulia di PIM 1. Pameran ini akan berakhir hari ini, 6 ",2025-09-26 06:52:13
90,"Setelah Hancur Lebur, Ini Ramalan Terbaru Harga Emas",https://www.cnbcindonesia.com/research/20250405095720-128-623701/setelah-hancur-lebur-ini-ramalan-terbaru-harga-emas,2025-09-26,"Jakarta, CNBC Indonesia -Harga emas dunia terkoreksi tajam usai Presiden Amerika Serikat (AS) Donald Trump mengumumkan kenaikan tarif resiprokal ke beberapa negara. Meskipun harga emas turun saat ini, namun harga emas masih berada di level tinggi dan bahkan di ramal dapat melaju lebih tinggi. Pada perdagangan Jumat (4/4/2025), harga emas dunia anjlok 2,42% di level US$3.037,36 per troy ons. Penurunan tersebut menghapus kenaikan harga emas dalam sepekan ini. Dan menjadi penurunan terburuk di sepa",2025-09-26 06:52:13
91,Obral Besar-besaran! Harga Emas Antam Hari Ini Turun Rp 38.000,https://www.cnbcindonesia.com/research/20250405085648-128-623692/obral-besar-besaran-harga-emas-antam-hari-ini-turun-rp-38000,2025-09-26,"Jakarta, CNBC Indonesia- Harga emas Logam Mulia produksi PT Aneka Tambang Tbkambruk pada hari ini, Sabtu (5/4/2025). Di butik emas LM Graha Dipta Pulo Gadung turun sebesar Rp38.000. Harga emas Antam hari ini tercatat sebesar Rp1.781. 000. Harga tersebut adalah yang terendah dalam delapan hari terakhir. Pelemahan kemarin juga membuat harga emas Antam ambles hingga Rp 55.000 dalam dua hari beruntun.Padahal, harga emas Antam memecahkan rekor pada Kamis kemarin di angka Rp 1.836.000 per gram. Penuru",2025-09-26 06:52:14
92,"Harga Emas Hancur Lebur: Jadi Tumbal Investor, Diobral Besar-besaran",https://www.cnbcindonesia.com/research/20250405062718-128-623677/harga-emas-hancur-lebur-jadi-tumbal-investor-diobral-besar-besaran,2025-09-26,"Jakarta, CNBC Indonesia- Harga emas justru anjlok karena investor menjadikan sang logam mulia untuk menutupi kerugian investasi mereka. Penurunan ini menjadi anomali mengingat dalam kondisi normal, harga emas seharusnya saat ini terbang. MerujukRefintiv,harga emas pada perdagangan terakhir pekan ini, Jumat (4/4/2025) ditutup di posisi US$ 3.037,36 per troy ons. Harganya ambruk 2,42%. Pelemahan ini memperpanjang tren buruk emas yang juga melemah 0,66% pada perdagangan Kamis.Penutupan kemarin adal",2025-09-26 06:52:14
93,"Harga Emas Antam Turun Rp17.000, Bertengger di Harga Segini per Gram",https://www.cnbcindonesia.com/research/20250404090207-128-623543/harga-emas-antam-turun-rp17000-bertengger-di-harga-segini-per-gram,2025-09-26,"Jakarta, CNBC Indonesia -Harga emas Logam Mulia produksi PT Aneka Tambang Tbk pada Jumat (4/4/2025) di butik emas LM Graha Dipta Pulo Gadung turun sebesar Rp17.000. Harga emas Antam hari ini tercatat sebesar Rp1.819.000. Sementara harga buyback (harga yang digunakan ketika menjual emas kembali) berada di posisi Rp1.671.000 per gram atau anjlok Rp17.000. Pergerakan harga emas Antam hari ini sejalan dengan pergerakan emas global yang anjlok.   Pada perdagangan kemarin, harga emas dunia di pasar sp",2025-09-26 06:52:14
94,"Menggila! Harga Emas Antam Hari Ini Rekor Lagi, Nyaris Rp 1,84 Juta",https://www.cnbcindonesia.com/research/20250403083702-128-623381/menggila-harga-emas-antam-hari-ini-rekor-lagi-nyaris-rp-184-juta,2025-09-26,"Jakarta, CNBC Indonesia -Harga emas Logam Mulia produksi PT Aneka Tambang Tbk pada Kamis (3/4/2025) di butik emas LM Graha Dipta Pulo Gadung naik sebesar Rp17.000. Harga emas Antam hari ini tercatat sebesar Rp1.836.000. Harga hari ini adalah rekor baru bagi emas Antam mengalahkan catatan sebelumnya di 1.826.000 per gram pada Selasa kemarin. Sementara harga buyback (harga yang digunakan ketika menjual emas kembali) berada di posisi Rp1.688.000 per gram atau melesat Rp17.000.  Pergerakan harga ema",2025-09-26 06:52:15
95,"Siapa Sangka! Beli Emas di 2015 Rp549 Ribu/Gram, Sekarang Rp1,8 Juta",https://www.cnbcindonesia.com/mymoney/20250402182526-72-623332/siapa-sangka-beli-emas-di-2015-rp549-ribu-gram-sekarang-rp18-juta,2025-09-26,"Jakarta, CNBC Indonesia-Saat dunia gelap, harga emas malah semakin menjadi-jadi. Jika dibandingkan dengan 10 tahun lalu, harga emas hari ini sudah naik berkali-kali lipat.  Dalam penelusuran CNBC Indonesia Research, Rabu (2/4/2025), pada 2015 lalu harga emas dibanderol Rp549 ribu per gram.  Melansir data dari situs resmi PT Antam, logammulia.com, di butik emas LM Graha Dipta Pulo Gadung Jakarta, harga emas satuan 1 gram pada hari ini dibanderol Rp 1.819.000/gram batang. Siapa sangka lonjakan har",2025-09-26 06:52:16
96,Harga Emas Antam Pecah Rekor! Investasi 2 Tahun Cuan Moncer 56%,https://www.cnbcindonesia.com/research/20250402080901-128-623241/harga-emas-antam-pecah-rekor-investasi-2-tahun-cuan-moncer-56,2025-09-26,"Jakarta, CNBC Indonesia -Tahun gemilang bagi aset emas masih berlanjut di tahun ini, bahkan dalam beberapa hari terakhir mencetak rekor demi rekor. Investor yang sudah punya logam mulia dalam jangka waktu lama pasti akan mendapat cuan yang cukup moncer. Di sini kami mencoba menghitung beberapa skenario jika investor memiliki emas Antam sebanyak 1 gram dalam beberapa jangka waktu sebagai berikut :  Harga emas Antam yang bergerak ciamik tersebut telah memberikan keuntungan moncer bagi setiap pemeg",2025-09-26 06:52:16
97,"Usai Pecah Rekor, Emas Antam Mulai Koreksi Hari ini!",https://www.cnbcindonesia.com/research/20250402090553-128-623251/usai-pecah-rekor-emas-antam-mulai-koreksi-hari-ini,2025-09-26,"Jakarta, CNBC Indonesia -Harga emas produksi PT Aneka Tambang (Antam) Tbk atau yang dikenal dengan emas Antam mulai kontraksi pada perdagangan hari ini, Rabu (2/4/2025) setelah kemarin mencetak rekor All Time High (ATH). Melansir data dari situs resmi PT Antam, logammulia.com, di butik emas LM Graha Dipta Pulo Gadung Jakarta, harga emas satuan 1 gram pada hari ini dibanderol Rp 1.819. 000/gram batang, atau turun Rp7.000. Depresiasi pada hari ini mengakhiri tren penguatan selama enam hari beruntu",2025-09-26 06:52:16
98,"Harap Sabar! Habis Pecah Rekor, Harga Emas Turun Dulu",https://www.cnbcindonesia.com/research/20250402063915-128-623231/harap-sabar-habis-pecah-rekor-harga-emas-turun-dulu,2025-09-26,"Jakarta, CNBC Indonesia -Harga emas setelah mencetak rekor tertinggi sepanjang masa terpantau mulai koreksi. Merujuk data Refinitiv, pada akhir perdagangan Selasa kemarin (1/4/2025), harga emas dunia (XAU) terkontraksi 0,40% ditutup ke posisi US$ 3.110,55 per troy ons. Ini menjadi koreksi yang pertama setelah tiga hari penguatan harga emas selalu mencetak rekor demi rekor. Adapun, pada perdagangan Rabu pagi ini (2/4/2025) pukul 06.15 WIB, harga emas dunia terpantau menguat tipis 0,06% ke posisi ",2025-09-26 06:52:17
99,"Sekarang Harganya Makin Mahal, Dulu Emas di Jawa Bak Kacang Goreng",https://www.cnbcindonesia.com/entrepreneur/20250401114909-25-623160/sekarang-harganya-makin-mahal-dulu-emas-di-jawa-bak-kacang-goreng,2025-09-26,"Jakarta, CNBC Indonesia -Harga emas di Indonesia saat ini terus mengalami kenaikan. Kini, harga 1 gram emas menyentuh angka Rp1,8 juta lebih. Semakin mengkilaunya harga emas, membuat orang tertarik menjadikan logam mulia tersebut sebagai investasi menjanjikan di tengah ketidakpastian ekonomi. Namun, untuk memperolehnya seseorang harus merogoh kocek dalam.  Terus meningkatnya harga emas berbanding terbalik dengan kondisi ratusan tahun lalu di masa Kerajaan Hindu Budha. Saking murahnya, warga Jawa",2025-09-26 06:52:18
